URL,Last crawled
https://tsgfulfillment.com/images/facility/loading-docks.jpg,1969-12-31
https://tsgfulfillment.com/images/facility/office-space.jpg,1969-12-31
https://tsgfulfillment.com/images/facility/warehouse-exterior.jpg,1969-12-31
https://tsgfulfillment.com/images/facility/warehouse-interior.jpg,1969-12-31
https://tsgfulfillment.com/images/operations/order-processing.jpg,1969-12-31
https://tsgfulfillment.com/images/operations/packing-stations.jpg,1969-12-31
https://tsgfulfillment.com/images/operations/picking-operations.jpg,1969-12-31
https://tsgfulfillment.com/images/operations/shipping-area.jpg,1969-12-31
https://tsgfulfillment.com/images/services/freight-logistics.jpg,1969-12-31
https://tsgfulfillment.com/images/services/fulfillment-services.jpg,1969-12-31
https://tsgfulfillment.com/images/services/kitting-assembly.jpg,1969-12-31
https://tsgfulfillment.com/images/services/warehousing-solutions.jpg,1969-12-31
https://tsgfulfillment.com/images/technology/automated-systems.jpg,1969-12-31
https://tsgfulfillment.com/images/technology/barcode-scanning.jpg,1969-12-31
https://tsgfulfillment.com/images/technology/tracking-dashboard.jpg,1969-12-31
https://tsgfulfillment.com/images/technology/wms-system.jpg,1969-12-31
https://tsgfulfillment.com/locations,1969-12-31
https://tsgfulfillment.com/quote,1969-12-31
https://tsgfulfillment.com/services/kitting-services,1969-12-31
https://tsgfulfillment.com/services/order-fulfillment,1969-12-31
https://tsgfulfillment.com/services/value-added-services,1969-12-31